,beername,year,rating,
0,Goose Island Goose IPA,2000,4.4, 
0,Goose Island Goose IPA,2001,3.9, 
0,Goose Island Goose IPA,2002,3.619148936, 
0,Goose Island Goose IPA,2003,3.556164384, 
0,Goose Island Goose IPA,2004,3.595402299,
0,Goose Island Goose IPA,2005,3.614788732,
0,Goose Island Goose IPA,2006,3.680147059,
0,Goose Island Goose IPA,2007,3.555263158,
0,Goose Island Goose IPA,2008,3.581879195,
0,Goose Island Goose IPA,2009,3.583544304,
0,Goose Island Goose IPA,2010,3.622794118,
0,Goose Island Goose IPA,2011,3.566666667,
0,Goose Island Goose IPA,2012,3.568720379,
0,Goose Island Goose IPA,2013,3.520735786,
0,Goose Island Goose IPA,2014,3.524064171,
0,Goose Island Goose IPA,2015,3.419033233,
0,Goose Island Goose IPA,2016,3.450299401,
0,Goose Island Goose IPA,2017,3.459440559,
0,Goose Island Goose IPA,2018,3.266037736,
0,Goose Island Goose IPA,2019,3.436521739,
0,Goose Island Goose IPA,2020,3.519512195,
0,Goose Island Goose IPA,2021,3.2,
1,Goose Island 312 Urban Wheat Ale,2004,2.718181818,
1,Goose Island 312 Urban Wheat Ale,2005,2.773913043,
1,Goose Island 312 Urban Wheat Ale,2006,2.780412371,
1,Goose Island 312 Urban Wheat Ale,2007,2.733884298,
1,Goose Island 312 Urban Wheat Ale,2008,2.7608,
1,Goose Island 312 Urban Wheat Ale,2009,2.892307692,
1,Goose Island 312 Urban Wheat Ale,2010,2.9,
1,Goose Island 312 Urban Wheat Ale,2011,2.855319149,
1,Goose Island 312 Urban Wheat Ale,2012,2.855026455,
1,Goose Island 312 Urban Wheat Ale,2013,2.755465587,
1,Goose Island 312 Urban Wheat Ale,2014,2.9125,
1,Goose Island 312 Urban Wheat Ale,2015,2.858227848,
1,Goose Island 312 Urban Wheat Ale,2016,2.838571429,
1,Goose Island 312 Urban Wheat Ale,2017,2.87752809,
1,Goose Island 312 Urban Wheat Ale,2018,2.877586207,
1,Goose Island 312 Urban Wheat Ale,2019,2.880851064,
1,Goose Island 312 Urban Wheat Ale,2020,2.730769231,
1,Goose Island 312 Urban Wheat Ale,2021,2.775,
2,Edelweiss Weissbier Hefetrub,2001,3.53,
2,Edelweiss Weissbier Hefetrub,2002,3.544117647,
2,Edelweiss Weissbier Hefetrub,2003,3.464285714,
2,Edelweiss Weissbier Hefetrub,2004,3.242105263,
2,Edelweiss Weissbier Hefetrub,2005,3.18,
2,Edelweiss Weissbier Hefetrub,2006,3.234285714,
2,Edelweiss Weissbier Hefetrub,2007,3.225531915,
2,Edelweiss Weissbier Hefetrub,2008,3.089655172,
2,Edelweiss Weissbier Hefetrub,2009,3.24,
2,Edelweiss Weissbier Hefetrub,2010,3.2875,
2,Edelweiss Weissbier Hefetrub,2011,3.305263158,
2,Edelweiss Weissbier Hefetrub,2012,3.266666667,
2,Edelweiss Weissbier Hefetrub,2013,3.366666667,
2,Edelweiss Weissbier Hefetrub,2014,3.405172414,
2,Edelweiss Weissbier Hefetrub,2015,3.156818182,
2,Edelweiss Weissbier Hefetrub,2016,3.214705882,
2,Edelweiss Weissbier Hefetrub,2017,3.346428571,
2,Edelweiss Weissbier Hefetrub,2018,3.21875,
2,Edelweiss Weissbier Hefetrub,2019,3.2,
2,Edelweiss Weissbier Hefetrub,2020,3.42,
2,Edelweiss Weissbier Hefetrub,2021,3.28,
3,Somersby Apple Cider,2008,2.104878049,
3,Somersby Apple Cider,2009,1.96,
3,Somersby Apple Cider,2010,1.666666667,
3,Somersby Apple Cider,2011,2.142857143,
3,Somersby Apple Cider,2012,2.37173913,
3,Somersby Apple Cider,2013,2.308888889,
3,Somersby Apple Cider,2014,2.145238095,
3,Somersby Apple Cider,2015,2.706666667,
3,Somersby Apple Cider,2016,2.25,
3,Somersby Apple Cider,2017,2.435483871,
3,Somersby Apple Cider,2018,2.048148148,
3,Somersby Apple Cider,2019,2.55,
3,Somersby Apple Cider,2020,2.066666667,
4,Apple Fox,2018,2.75,
4,Apple Fox,2019,2.25,
5,Desperados,2002,1.827777778,
5,Desperados,2003,1.55,
5,Desperados,2004,1.252631579,
5,Desperados,2005,1.356,
5,Desperados,2006,1.425581395,
5,Desperados,2007,1.810526316,
5,Desperados,2008,1.845714286,
5,Desperados,2009,1.562857143,
5,Desperados,2010,1.906666667,
5,Desperados,2011,1.875,
5,Desperados,2012,1.948275862,
5,Desperados,2013,1.784057971,
5,Desperados,2014,1.803061224,
5,Desperados,2015,1.749473684,
5,Desperados,2016,1.763636364,
5,Desperados,2017,1.8703125,
5,Desperados,2018,2.107894737,
5,Desperados,2019,2.092307692,
5,Desperados,2020,1.890909091,
5,Desperados,2021,2.425,
6,Egger Grapefruit Radler,2013,2.2,
6,Egger Grapefruit Radler,2014,2.246153846,
6,Egger Grapefruit Radler,2015,2.273333333,
6,Egger Grapefruit Radler,2016,2.375,
6,Egger Grapefruit Radler,2017,2.633333333,
6,Egger Grapefruit Radler,2018,2.55,
6,Egger Grapefruit Radler,2019,2.7,
6,Egger Grapefruit Radler,2020,2.366666667,
7,Egger Radler,2005,1.6,
7,Egger Radler,2006,2.5,
7,Egger Radler,2008,1.525,
7,Egger Radler,2009,1.625,
7,Egger Radler,2010,1.5,
7,Egger Radler,2011,1.6,
7,Egger Radler,2012,1.7,
7,Egger Radler,2013,1.85,
7,Egger Radler,2014,2.1,
7,Egger Radler,2015,1.575,
7,Egger Radler,2017,1.9,
7,Egger Radler,2018,1.5,
7,Egger Radler,2019,2,
8,Stella Artois,2000,2.125,
8,Stella Artois,2001,3.06744186,
8,Stella Artois,2002,2.831914894,
8,Stella Artois,2003,2.630573248,
8,Stella Artois,2004,2.6475,
8,Stella Artois,2005,2.48061674,
8,Stella Artois,2006,2.46875,
8,Stella Artois,2007,2.492753623,
8,Stella Artois,2008,2.520807453,
8,Stella Artois,2009,2.545023697,
8,Stella Artois,2010,2.435672515,
8,Stella Artois,2011,2.401587302,
8,Stella Artois,2012,2.487951807,
8,Stella Artois,2013,2.464489796,
8,Stella Artois,2014,2.459734513,
8,Stella Artois,2015,2.526900585,
8,Stella Artois,2016,2.531818182,
8,Stella Artois,2017,2.718584071,
8,Stella Artois,2018,2.691578947,
8,Stella Artois,2019,2.945614035,
8,Stella Artois,2020,2.571428571,
8,Stella Artois,2021,2.546153846,
9,Hoegaarden,2000,4.090909091,
9,Hoegaarden,2001,4.082352941,
9,Hoegaarden,2002,3.656603774,
9,Hoegaarden,2003,3.636097561,
9,Hoegaarden,2004,3.58490566,
9,Hoegaarden,2005,3.578113208,
9,Hoegaarden,2006,3.556272401,
9,Hoegaarden,2007,3.492391304,
9,Hoegaarden,2008,3.545647059,
9,Hoegaarden,2009,3.436501901,
9,Hoegaarden,2010,3.428444444,
9,Hoegaarden,2011,3.48,
9,Hoegaarden,2012,3.51147541,
9,Hoegaarden,2013,3.480062305,
9,Hoegaarden,2014,3.456711409,
9,Hoegaarden,2015,3.513703704,
9,Hoegaarden,2016,3.506829268,
9,Hoegaarden,2017,3.414857143,
9,Hoegaarden,2018,3.430392157,
9,Hoegaarden,2019,3.525,
9,Hoegaarden,2020,3.512195122,
9,Hoegaarden,2021,3.509090909,
10,Hoegaarden Rosee,2007,2.347368421,
10,Hoegaarden Rosee,2008,2.605357143,
10,Hoegaarden Rosee,2009,2.188,
10,Hoegaarden Rosee,2010,2.625,
10,Hoegaarden Rosee,2011,2.428888889,
10,Hoegaarden Rosee,2012,2.526666667,
10,Hoegaarden Rosee,2013,2.392592593,
10,Hoegaarden Rosee,2014,2.498076923,
10,Hoegaarden Rosee,2015,2.484,
10,Hoegaarden Rosee,2016,2.592857143,
10,Hoegaarden Rosee,2017,2.734883721,
10,Hoegaarden Rosee,2018,2.48,
10,Hoegaarden Rosee,2019,2.834782609,
10,Hoegaarden Rosee,2020,2.853846154,
10,Hoegaarden Rosee,2021,3.025,
11,Budweiser,2000,1.234782609,
11,Budweiser,2001,1.488185654,
11,Budweiser,2002,1.398617512,
11,Budweiser,2003,1.484269663,
11,Budweiser,2004,1.38,
11,Budweiser,2005,1.442517007,
11,Budweiser,2006,1.324161074,
11,Budweiser,2007,1.334031414,
11,Budweiser,2008,1.486538462,
11,Budweiser,2009,1.583710407,
11,Budweiser,2010,1.421167883,
11,Budweiser,2011,1.620238095,
11,Budweiser,2012,1.582608696,
11,Budweiser,2013,1.752466368,
11,Budweiser,2014,1.668586387,
11,Budweiser,2015,1.601694915,
11,Budweiser,2016,1.919626168,
11,Budweiser,2017,1.959504132,
11,Budweiser,2018,2.016153846,
11,Budweiser,2019,2.088059701,
11,Budweiser,2020,2.079487179,
11,Budweiser,2021,1.835714286,
12,Patagonia Bohemian Pilsner,2011,3.06,
12,Patagonia Bohemian Pilsner,2013,2.4,
12,Patagonia Bohemian Pilsner,2014,2.5,
12,Patagonia Bohemian Pilsner,2015,2.68,
12,Patagonia Bohemian Pilsner,2016,2.825,
12,Patagonia Bohemian Pilsner,2017,2.733333333,
12,Patagonia Bohemian Pilsner,2018,2.811111111,
12,Patagonia Bohemian Pilsner,2019,2.855172414,
12,Patagonia Bohemian Pilsner,2020,3.45,
12,Patagonia Bohemian Pilsner,2021,2.5,
13,Kronenbourg 1664 Blanc,2004,3.222222222,
13,Kronenbourg 1664 Blanc,2005,2.664516129,
13,Kronenbourg 1664 Blanc,2006,2.7025,
13,Kronenbourg 1664 Blanc,2007,2.39137931,
13,Kronenbourg 1664 Blanc,2008,2.728205128,
13,Kronenbourg 1664 Blanc,2009,2.427272727,
13,Kronenbourg 1664 Blanc,2010,2.835,
13,Kronenbourg 1664 Blanc,2011,2.804651163,
13,Kronenbourg 1664 Blanc,2012,2.825,
13,Kronenbourg 1664 Blanc,2013,2.826262626,
13,Kronenbourg 1664 Blanc,2014,2.773170732,
13,Kronenbourg 1664 Blanc,2015,2.811363636,
13,Kronenbourg 1664 Blanc,2016,2.820895522,
13,Kronenbourg 1664 Blanc,2017,2.861538462,
13,Kronenbourg 1664 Blanc,2018,2.855932203,
13,Kronenbourg 1664 Blanc,2019,2.892045455,
13,Kronenbourg 1664 Blanc,2020,3.03030303,
13,Kronenbourg 1664 Blanc,2021,2.92,
14,Erdinger Weissbier,2000,3.175,
14,Erdinger Weissbier,2001,3.426666667,
14,Erdinger Weissbier,2002,3.184057971,
14,Erdinger Weissbier,2003,3.149367089,
14,Erdinger Weissbier,2004,3.161764706,
14,Erdinger Weissbier,2005,3.189115646,
14,Erdinger Weissbier,2006,3.095705521,
14,Erdinger Weissbier,2007,3.131318681,
14,Erdinger Weissbier,2008,3.156097561,
14,Erdinger Weissbier,2009,3.12875,
14,Erdinger Weissbier,2010,3.088888889,
14,Erdinger Weissbier,2011,3.160135135,
14,Erdinger Weissbier,2012,3.173333333,
14,Erdinger Weissbier,2013,3.259009009,
14,Erdinger Weissbier,2014,3.130290456,
14,Erdinger Weissbier,2015,3.13172043,
14,Erdinger Weissbier,2016,3.106956522,
14,Erdinger Weissbier,2017,3.185606061,
14,Erdinger Weissbier,2018,3.121794872,
14,Erdinger Weissbier,2019,3.182258065,
14,Erdinger Weissbier,2020,3.217073171,
14,Erdinger Weissbier,2021,3.345454545,
15,Paulaner Hefe-Weissbier,2000,3.92,
15,Paulaner Hefe-Weissbier,2001,3.756363636,
15,Paulaner Hefe-Weissbier,2002,3.585714286,
15,Paulaner Hefe-Weissbier,2003,3.585714286,
15,Paulaner Hefe-Weissbier,2004,3.529370629,
15,Paulaner Hefe-Weissbier,2005,3.663265306,
15,Paulaner Hefe-Weissbier,2006,3.704787234,
15,Paulaner Hefe-Weissbier,2007,3.614930556,
15,Paulaner Hefe-Weissbier,2008,3.632083333,
15,Paulaner Hefe-Weissbier,2009,3.471676301,
15,Paulaner Hefe-Weissbier,2010,3.62125,
15,Paulaner Hefe-Weissbier,2011,3.547096774,
15,Paulaner Hefe-Weissbier,2012,3.610798122,
15,Paulaner Hefe-Weissbier,2013,3.642307692,
15,Paulaner Hefe-Weissbier,2014,3.549270073,
15,Paulaner Hefe-Weissbier,2015,3.571929825,
15,Paulaner Hefe-Weissbier,2016,3.571069182,
15,Paulaner Hefe-Weissbier,2017,3.595408163,
15,Paulaner Hefe-Weissbier,2018,3.62890625,
15,Paulaner Hefe-Weissbier,2019,3.651190476,
15,Paulaner Hefe-Weissbier,2020,3.551724138,
15,Paulaner Hefe-Weissbier,2021,3.712,
16,Paulaner Hefeweissbier Dunkel,2000,3.84,
16,Paulaner Hefeweissbier Dunkel,2001,3.514285714,
16,Paulaner Hefeweissbier Dunkel,2002,3.685,
16,Paulaner Hefeweissbier Dunkel,2003,3.275,
16,Paulaner Hefeweissbier Dunkel,2004,3.447619048,
16,Paulaner Hefeweissbier Dunkel,2005,3.344444444,
16,Paulaner Hefeweissbier Dunkel,2006,3.295652174,
16,Paulaner Hefeweissbier Dunkel,2007,3.336956522,
16,Paulaner Hefeweissbier Dunkel,2008,3.393181818,
16,Paulaner Hefeweissbier Dunkel,2009,3.389285714,
16,Paulaner Hefeweissbier Dunkel,2010,3.476666667,
16,Paulaner Hefeweissbier Dunkel,2011,3.419607843,
16,Paulaner Hefeweissbier Dunkel,2012,3.46779661,
16,Paulaner Hefeweissbier Dunkel,2013,3.370666667,
16,Paulaner Hefeweissbier Dunkel,2014,3.435294118,
16,Paulaner Hefeweissbier Dunkel,2015,3.387719298,
16,Paulaner Hefeweissbier Dunkel,2016,3.437777778,
16,Paulaner Hefeweissbier Dunkel,2017,3.398863636,
16,Paulaner Hefeweissbier Dunkel,2018,3.408333333,
16,Paulaner Hefeweissbier Dunkel,2019,3.436538462,
16,Paulaner Hefeweissbier Dunkel,2020,3.46875,
16,Paulaner Hefeweissbier Dunkel,2021,3.508333333,
17,Tiger Beer,2000,3,
17,Tiger Beer,2001,3.52,
17,Tiger Beer,2002,2.609302326,
17,Tiger Beer,2003,2.276785714,
17,Tiger Beer,2004,2.134848485,
17,Tiger Beer,2005,2.019230769,
17,Tiger Beer,2006,2.157798165,
17,Tiger Beer,2007,2.1056,
17,Tiger Beer,2008,2.055769231,
17,Tiger Beer,2009,1.981730769,
17,Tiger Beer,2010,2.106410256,
17,Tiger Beer,2011,2.24047619,
17,Tiger Beer,2012,2.147101449,
17,Tiger Beer,2013,2.111188811,
17,Tiger Beer,2014,2.125149701,
17,Tiger Beer,2015,2.12195122,
17,Tiger Beer,2016,2.140243902,
17,Tiger Beer,2017,2.144,
17,Tiger Beer,2018,2.246153846,
17,Tiger Beer,2019,2.285106383,
17,Tiger Beer,2020,2.264705882,
17,Tiger Beer,2021,2.408333333,
18,Guinness Draught,2000,4.148,
18,Guinness Draught,2001,3.964606742,
18,Guinness Draught,2002,3.679586563,
18,Guinness Draught,2003,3.542013889,
18,Guinness Draught,2004,3.543042071,
18,Guinness Draught,2005,3.396694215,
18,Guinness Draught,2006,3.532571429,
18,Guinness Draught,2007,3.390364026,
18,Guinness Draught,2008,3.433253589,
18,Guinness Draught,2009,3.422327044,
18,Guinness Draught,2010,3.364202335,
18,Guinness Draught,2011,3.415352697,
18,Guinness Draught,2012,3.456508876,
18,Guinness Draught,2013,3.383516484,
18,Guinness Draught,2014,3.3665625,
18,Guinness Draught,2015,3.276226415,
18,Guinness Draught,2016,3.361578947,
18,Guinness Draught,2017,3.321973094,
18,Guinness Draught,2018,3.412162162,
18,Guinness Draught,2019,3.552380952,
18,Guinness Draught,2020,3.489473684,
18,Guinness Draught,2021,3.589655172,
19,Carlsberg Pilsner,2000,3,
19,Carlsberg Pilsner,2001,2.785185185,
19,Carlsberg Pilsner,2002,2.454878049,
19,Carlsberg Pilsner,2003,2.389873418,
19,Carlsberg Pilsner,2004,2.155421687,
19,Carlsberg Pilsner,2005,2.269090909,
19,Carlsberg Pilsner,2006,2.175652174,
19,Carlsberg Pilsner,2007,2.264516129,
19,Carlsberg Pilsner,2008,2.235333333,
19,Carlsberg Pilsner,2009,2.109649123,
19,Carlsberg Pilsner,2010,2.213636364,
19,Carlsberg Pilsner,2011,2.222340426,
19,Carlsberg Pilsner,2012,2.24375,
19,Carlsberg Pilsner,2013,2.265079365,
19,Carlsberg Pilsner,2014,2.212087912,
19,Carlsberg Pilsner,2015,2.296103896,
19,Carlsberg Pilsner,2016,2.3375,
19,Carlsberg Pilsner,2017,2.253333333,
19,Carlsberg Pilsner,2018,2.356862745,
19,Carlsberg Pilsner,2019,2.298412698,
19,Carlsberg Pilsner,2020,2.335714286,
19,Carlsberg Pilsner,2021,2.6,
20,Heineken,2000,1.870588235,
20,Heineken,2001,2.399342105,
20,Heineken,2002,2.312944984,
20,Heineken,2003,2.22,
20,Heineken,2004,2.112886598,
20,Heineken,2005,2.037288136,
20,Heineken,2006,2.094795539,
20,Heineken,2007,2.123492063,
20,Heineken,2008,2.068867925,
20,Heineken,2009,2.022110553,
20,Heineken,2010,1.982098765,
20,Heineken,2011,1.994886364,
20,Heineken,2012,2.200377358,
20,Heineken,2013,2.191941392,
20,Heineken,2014,2.109589041,
20,Heineken,2015,2.153535354,
20,Heineken,2016,2.226206897,
20,Heineken,2017,2.152380952,
20,Heineken,2018,2.427522936,
20,Heineken,2019,2.371717172,
20,Heineken,2020,2.561363636,
20,Heineken,2021,2.346153846,
21,San Miguel Pale Pilsen,2001,2.728571429,
21,San Miguel Pale Pilsen,2002,2.09375,
21,San Miguel Pale Pilsen,2003,1.977777778,
21,San Miguel Pale Pilsen,2004,2.040816327,
21,San Miguel Pale Pilsen,2005,1.82826087,
21,San Miguel Pale Pilsen,2006,2.015151515,
21,San Miguel Pale Pilsen,2007,2.086666667,
21,San Miguel Pale Pilsen,2008,1.981666667,
21,San Miguel Pale Pilsen,2009,2.102083333,
21,San Miguel Pale Pilsen,2010,1.932,
21,San Miguel Pale Pilsen,2011,2.003921569,
21,San Miguel Pale Pilsen,2012,2.066666667,
21,San Miguel Pale Pilsen,2013,2.032432432,
21,San Miguel Pale Pilsen,2014,2.110344828,
21,San Miguel Pale Pilsen,2015,2.116666667,
21,San Miguel Pale Pilsen,2016,2.03,
21,San Miguel Pale Pilsen,2017,2.368,
21,San Miguel Pale Pilsen,2018,2.455555556,
21,San Miguel Pale Pilsen,2019,2.389473684,
21,San Miguel Pale Pilsen,2020,2.285714286,
21,San Miguel Pale Pilsen,2021,2.2,
22,Tsingtao,2000,2.075,
22,Tsingtao,2001,2.217073171,
22,Tsingtao,2002,2.201639344,
22,Tsingtao,2003,2.120879121,
22,Tsingtao,2004,2.173394495,
22,Tsingtao,2005,2.017431193,
22,Tsingtao,2006,2.280689655,
22,Tsingtao,2007,2.143356643,
22,Tsingtao,2008,1.993150685,
22,Tsingtao,2009,1.926724138,
22,Tsingtao,2010,1.867073171,
22,Tsingtao,2011,2.011016949,
22,Tsingtao,2012,1.963583815,
22,Tsingtao,2013,1.86972973,
22,Tsingtao,2014,2.000574713,
22,Tsingtao,2015,1.999275362,
22,Tsingtao,2016,1.981318681,
22,Tsingtao,2017,2.406976744,
22,Tsingtao,2018,2.167692308,
22,Tsingtao,2019,2.211904762,
22,Tsingtao,2020,1.846153846,
22,Tsingtao,2021,2.25,
23,Tsingtao Draft Beer 11º (Pure Draft Beer),2005,2.7,
23,Tsingtao Draft Beer 11º (Pure Draft Beer),2006,1.933333333,
23,Tsingtao Draft Beer 11º (Pure Draft Beer),2007,1.768421053,
23,Tsingtao Draft Beer 11º (Pure Draft Beer),2008,2.185714286,
23,Tsingtao Draft Beer 11º (Pure Draft Beer),2009,2.095,
23,Tsingtao Draft Beer 11º (Pure Draft Beer),2010,1.942857143,
23,Tsingtao Draft Beer 11º (Pure Draft Beer),2011,1.606666667,
23,Tsingtao Draft Beer 11º (Pure Draft Beer),2012,1.5,
23,Tsingtao Draft Beer 11º (Pure Draft Beer),2013,1.628571429,
23,Tsingtao Draft Beer 11º (Pure Draft Beer),2014,2.066666667,
23,Tsingtao Draft Beer 11º (Pure Draft Beer),2015,2.1,
23,Tsingtao Draft Beer 11º (Pure Draft Beer),2016,2.7,
23,Tsingtao Draft Beer 11º (Pure Draft Beer),2017,2.1,
23,Tsingtao Draft Beer 11º (Pure Draft Beer),2018,2.2,
23,Tsingtao Draft Beer 11º (Pure Draft Beer),2019,2.1,
23,Tsingtao Draft Beer 11º (Pure Draft Beer),2020,2,
23,Tsingtao Draft Beer 11º (Pure Draft Beer),2021,2.9,
24,Cass Fresh,2002,1.283333333,
24,Cass Fresh,2003,1.525,
24,Cass Fresh,2004,1.5625,
24,Cass Fresh,2005,1.525,
24,Cass Fresh,2006,1.753846154,
24,Cass Fresh,2007,1.575,
24,Cass Fresh,2008,1.433333333,
24,Cass Fresh,2009,1.572727273,
24,Cass Fresh,2010,1.385714286,
24,Cass Fresh,2011,1.45,
24,Cass Fresh,2012,1.8,
24,Cass Fresh,2013,1.821428571,
24,Cass Fresh,2014,1.779166667,
24,Cass Fresh,2015,1.9,
24,Cass Fresh,2016,1.768571429,
24,Cass Fresh,2017,1.864285714,
24,Cass Fresh,2018,1.912,
24,Cass Fresh,2019,1.96,
24,Cass Fresh,2020,1.971428571,
24,Cass Fresh,2021,1.7,
25,Hite Beer,2001,1.6,
25,Hite Beer,2002,1.676190476,
25,Hite Beer,2003,1.715384615,
25,Hite Beer,2004,1.803571429,
25,Hite Beer,2005,1.64,
25,Hite Beer,2006,1.779310345,
25,Hite Beer,2007,1.811111111,
25,Hite Beer,2008,1.866666667,
25,Hite Beer,2009,1.777777778,
25,Hite Beer,2010,1.809090909,
25,Hite Beer,2011,1.967647059,
25,Hite Beer,2012,1.85,
25,Hite Beer,2013,1.928358209,
25,Hite Beer,2014,1.861111111,
25,Hite Beer,2015,1.907792208,
25,Hite Beer,2016,1.788888889,
25,Hite Beer,2017,2.022222222,
25,Hite Beer,2018,2.063157895,
25,Hite Beer,2019,2.016666667,
25,Hite Beer,2020,2,
25,Hite Beer,2021,2.2,
26,Kloud Original Gravity,2014,2.285714286,
26,Kloud Original Gravity,2015,2.384615385,
26,Kloud Original Gravity,2016,2.323529412,
26,Kloud Original Gravity,2017,2.268421053,
26,Kloud Original Gravity,2018,2.02,
26,Kloud Original Gravity,2019,2.50625,
26,Kloud Original Gravity,2020,2.528571429,
26,Kloud Original Gravity,2021,1.9,
27,Terra,2019,1.575,
27,Terra,2020,2.1,
28,Max Cream,2015,2.433333333,
28,Max Cream,2016,2.5875,
28,Max Cream,2017,2.4625,
28,Max Cream,2018,2.2,
28,Max Cream,2019,2.333333333,
29,FiLite,2017,2.566666667,
29,FiLite,2018,2.325,
29,FiLite,2019,2.25,
30,Jeju Wit Ale,2017,3.55,
30,Jeju Wit Ale,2018,3.2,
30,Jeju Wit Ale,2019,2.4,
30,Jeju Wit Ale,2020,3.2,
31,Jeju Pellong Ale,2019,2.9,
32,Jeju Baengnokdam Ale,2019,2.633333333,
32,Jeju Baengnokdam Ale,2020,2.95,
32,Jeju Baengnokdam Ale,2021,3.5,
33,HiteJinro Isul Tok Tok,2018,2.3,
33,HiteJinro Isul Tok Tok,2019,1.6,
34,Kabrew Gyeongbokgung Royal Pride IPA,2019,3.05,
34,Kabrew Gyeongbokgung Royal Pride IPA,2020,3.266666667,
34,Kabrew Gyeongbokgung Royal Pride IPA,2021,3.8,
35,ARK Seoulite Ale,2018,2.883333333,
35,ARK Seoulite Ale,2019,3.05,
35,ARK Seoulite Ale,2020,3.35,
36,Hop House 13 Lager,2015,2.9,
36,Hop House 13 Lager,2016,2.878021978,
36,Hop House 13 Lager,2017,2.745544554,
36,Hop House 13 Lager,2018,2.949473684,
36,Hop House 13 Lager,2019,3.047945205,
36,Hop House 13 Lager,2020,2.909433962,
36,Hop House 13 Lager,2021,2.96,
37,Blue Moon Belgian White,2000,3.111111111,
37,Blue Moon Belgian White,2001,3.267272727,
37,Blue Moon Belgian White,2002,3.105035971,
37,Blue Moon Belgian White,2003,2.98046875,
37,Blue Moon Belgian White,2004,3.065142857,
37,Blue Moon Belgian White,2005,3.092344498,
37,Blue Moon Belgian White,2006,2.995686275,
37,Blue Moon Belgian White,2007,3.002266289,
37,Blue Moon Belgian White,2008,3.029617834,
37,Blue Moon Belgian White,2009,2.923696682,
37,Blue Moon Belgian White,2010,2.984516129,
37,Blue Moon Belgian White,2011,2.974496644,
37,Blue Moon Belgian White,2012,3.007968127,
37,Blue Moon Belgian White,2013,3.007392996,
37,Blue Moon Belgian White,2014,2.986124402,
37,Blue Moon Belgian White,2015,2.848,
37,Blue Moon Belgian White,2016,2.924369748,
37,Blue Moon Belgian White,2017,3.220833333,
37,Blue Moon Belgian White,2018,3.058571429,
37,Blue Moon Belgian White,2019,3.037179487,
37,Blue Moon Belgian White,2020,3.158928571,
37,Blue Moon Belgian White,2021,2.888235294,
38,Volfas Engelman Pasaulio Skoniai IPA,2016,3.018181818,
38,Volfas Engelman Pasaulio Skoniai IPA,2017,2.826666667,
38,Volfas Engelman Pasaulio Skoniai IPA,2018,2.8,
38,Volfas Engelman Pasaulio Skoniai IPA,2019,2.805263158,
38,Volfas Engelman Pasaulio Skoniai IPA,2020,2.963636364,
38,Volfas Engelman Pasaulio Skoniai IPA,2021,3.4,
39,Pilsner Urquell,2000,3.408333333,
39,Pilsner Urquell,2001,3.45125,
39,Pilsner Urquell,2002,3.480434783,
39,Pilsner Urquell,2003,3.30531401,
39,Pilsner Urquell,2004,3.373148148,
39,Pilsner Urquell,2005,3.331687243,
39,Pilsner Urquell,2006,3.197520661,
39,Pilsner Urquell,2007,3.25130719,
39,Pilsner Urquell,2008,3.284984026,
39,Pilsner Urquell,2009,3.203755869,
39,Pilsner Urquell,2010,3.204666667,
39,Pilsner Urquell,2011,3.250273224,
39,Pilsner Urquell,2012,3.2448,
39,Pilsner Urquell,2013,3.324187726,
39,Pilsner Urquell,2014,3.274045802,
39,Pilsner Urquell,2015,3.284,
39,Pilsner Urquell,2016,3.24516129,
39,Pilsner Urquell,2017,3.230088496,
39,Pilsner Urquell,2018,3.347619048,
39,Pilsner Urquell,2019,3.408163265,
39,Pilsner Urquell,2020,3.3640625,
39,Pilsner Urquell,2021,3.510344828,
40,Kozel Cerny (Dark) 10°,2000,2,
40,Kozel Cerny (Dark) 10°,2001,3.616666667,
40,Kozel Cerny (Dark) 10°,2002,3.553846154,
40,Kozel Cerny (Dark) 10°,2003,3.308333333,
40,Kozel Cerny (Dark) 10°,2004,3.263636364,
40,Kozel Cerny (Dark) 10°,2005,3.217948718,
40,Kozel Cerny (Dark) 10°,2006,3.166666667,
40,Kozel Cerny (Dark) 10°,2007,3.056862745,
40,Kozel Cerny (Dark) 10°,2008,3.014545455,
40,Kozel Cerny (Dark) 10°,2009,3.028205128,
40,Kozel Cerny (Dark) 10°,2010,3.18125,
40,Kozel Cerny (Dark) 10°,2011,2.883333333,
40,Kozel Cerny (Dark) 10°,2012,3.0359375,
40,Kozel Cerny (Dark) 10°,2013,3.018309859,
40,Kozel Cerny (Dark) 10°,2014,2.998863636,
40,Kozel Cerny (Dark) 10°,2015,2.846788991,
40,Kozel Cerny (Dark) 10°,2016,2.951162791,
40,Kozel Cerny (Dark) 10°,2017,2.77804878,
40,Kozel Cerny (Dark) 10°,2018,3.0171875,
40,Kozel Cerny (Dark) 10°,2019,2.972580645,
40,Kozel Cerny (Dark) 10°,2020,2.943333333,
40,Kozel Cerny (Dark) 10°,2021,2.95,
41,Sapporo Premium Beer / Draft Beer,2000,2.35,
41,Sapporo Premium Beer / Draft Beer,2001,2.413043478,
41,Sapporo Premium Beer / Draft Beer,2002,2.364885496,
41,Sapporo Premium Beer / Draft Beer,2003,2.173394495,
41,Sapporo Premium Beer / Draft Beer,2004,2.158181818,
41,Sapporo Premium Beer / Draft Beer,2005,2.037373737,
41,Sapporo Premium Beer / Draft Beer,2006,2.255072464,
41,Sapporo Premium Beer / Draft Beer,2007,2.199186992,
41,Sapporo Premium Beer / Draft Beer,2008,2.223899371,
41,Sapporo Premium Beer / Draft Beer,2009,2.173684211,
41,Sapporo Premium Beer / Draft Beer,2010,2.093150685,
41,Sapporo Premium Beer / Draft Beer,2011,2.301333333,
41,Sapporo Premium Beer / Draft Beer,2012,2.268468468,
41,Sapporo Premium Beer / Draft Beer,2013,2.242,
41,Sapporo Premium Beer / Draft Beer,2014,2.311564626,
41,Sapporo Premium Beer / Draft Beer,2015,2.468085106,
41,Sapporo Premium Beer / Draft Beer,2016,2.401470588,
41,Sapporo Premium Beer / Draft Beer,2017,2.514285714,
41,Sapporo Premium Beer / Draft Beer,2018,2.497959184,
41,Sapporo Premium Beer / Draft Beer,2019,2.646666667,
41,Sapporo Premium Beer / Draft Beer,2020,2.574193548,
41,Sapporo Premium Beer / Draft Beer,2021,2.6,
42,Kirin Ichiban,2000,2.133333333,
42,Kirin Ichiban,2001,2.548148148,
42,Kirin Ichiban,2002,2.282608696,
42,Kirin Ichiban,2003,2.216666667,
42,Kirin Ichiban,2004,2.103797468,
42,Kirin Ichiban,2005,2.056164384,
42,Kirin Ichiban,2006,2.158139535,
42,Kirin Ichiban,2007,2.130188679,
42,Kirin Ichiban,2008,2.15,
42,Kirin Ichiban,2009,2.037383178,
42,Kirin Ichiban,2010,2.081632653,
42,Kirin Ichiban,2011,2.255045872,
42,Kirin Ichiban,2012,2.261585366,
42,Kirin Ichiban,2013,2.134161491,
42,Kirin Ichiban,2014,2.266433566,
42,Kirin Ichiban,2015,2.301941748,
42,Kirin Ichiban,2016,2.366666667,
42,Kirin Ichiban,2017,2.623684211,
42,Kirin Ichiban,2018,2.453623188,
42,Kirin Ichiban,2019,2.406521739,
42,Kirin Ichiban,2020,2.396,
42,Kirin Ichiban,2021,2.406666667,
43,Suntory The Premium Malt's,2002,2.7,
43,Suntory The Premium Malt's,2003,2.95,
43,Suntory The Premium Malt's,2004,2.6,
43,Suntory The Premium Malt's,2005,3.5,
43,Suntory The Premium Malt's,2006,2.722222222,
43,Suntory The Premium Malt's,2007,2.8,
43,Suntory The Premium Malt's,2008,2.966666667,
43,Suntory The Premium Malt's,2009,2.914285714,
43,Suntory The Premium Malt's,2010,2.4375,
43,Suntory The Premium Malt's,2011,2.516666667,
43,Suntory The Premium Malt's,2012,2.589473684,
43,Suntory The Premium Malt's,2013,2.668181818,
43,Suntory The Premium Malt's,2014,2.58125,
43,Suntory The Premium Malt's,2015,2.726315789,
43,Suntory The Premium Malt's,2016,2.66875,
43,Suntory The Premium Malt's,2017,2.645454545,
43,Suntory The Premium Malt's,2018,2.6,
43,Suntory The Premium Malt's,2019,2.314285714,
43,Suntory The Premium Malt's,2020,3.75,
44,Sapporo Yebisu,2000,2.933333333,
44,Sapporo Yebisu,2001,2.9,
44,Sapporo Yebisu,2002,2.594871795,
44,Sapporo Yebisu,2003,2.248,
44,Sapporo Yebisu,2004,2.593333333,
44,Sapporo Yebisu,2005,2.34,
44,Sapporo Yebisu,2006,2.33125,
44,Sapporo Yebisu,2007,2.25,
44,Sapporo Yebisu,2008,2.435714286,
44,Sapporo Yebisu,2009,2.54137931,
44,Sapporo Yebisu,2010,2.29,
44,Sapporo Yebisu,2011,2.555,
44,Sapporo Yebisu,2012,2.533333333,
44,Sapporo Yebisu,2013,2.341666667,
44,Sapporo Yebisu,2014,2.641176471,
44,Sapporo Yebisu,2015,2.494117647,
44,Sapporo Yebisu,2016,2.38,
44,Sapporo Yebisu,2017,2.81875,
44,Sapporo Yebisu,2018,2.625,
44,Sapporo Yebisu,2019,3.114285714,
44,Sapporo Yebisu,2020,2.425,
45,Asahi Super Dry,2000,2.7,
45,Asahi Super Dry,2001,2.485714286,
45,Asahi Super Dry,2002,2.401123596,
45,Asahi Super Dry,2003,2.226506024,
45,Asahi Super Dry,2004,2.151190476,
45,Asahi Super Dry,2005,1.971134021,
45,Asahi Super Dry,2006,2.051648352,
45,Asahi Super Dry,2007,2.016666667,
45,Asahi Super Dry,2008,2.153333333,
45,Asahi Super Dry,2009,2.053846154,
45,Asahi Super Dry,2010,2.043209877,
45,Asahi Super Dry,2011,2.226363636,
45,Asahi Super Dry,2012,2.125714286,
45,Asahi Super Dry,2013,2.230952381,
45,Asahi Super Dry,2014,2.220588235,
45,Asahi Super Dry,2015,2.133333333,
45,Asahi Super Dry,2016,2.217142857,
45,Asahi Super Dry,2017,2.369863014,
45,Asahi Super Dry,2018,2.588732394,
45,Asahi Super Dry,2019,2.428571429,
45,Asahi Super Dry,2020,2.345945946,
45,Asahi Super Dry,2021,2.15,
46,Kabrew Kumiho Peach Ale,2020,2.5,
46,Kabrew Kumiho Peach Ale,2021,2.9,
47,Cafri,2004,1.7,
47,Cafri,2005,1.55,
47,Cafri,2006,1.466666667,
47,Cafri,2007,1.6,
47,Cafri,2008,1.266666667,
47,Cafri,2009,1.45,
47,Cafri,2011,1.9,
47,Cafri,2012,2,
47,Cafri,2013,1.333333333,
47,Cafri,2014,1.8,
47,Cafri,2015,2.2,
47,Cafri,2016,1.2,
47,Cafri,2017,1.6,
47,Cafri,2018,1.75,
47,Cafri,2019,1.6,
48,Beck's,2000,2.918181818,
48,Beck's,2001,2.580821918,
48,Beck's,2002,2.52629108,
48,Beck's,2003,2.406164384,
48,Beck's,2004,2.388965517,
48,Beck's,2005,2.411805556,
48,Beck's,2006,2.357638889,
48,Beck's,2007,2.393081761,
48,Beck's,2008,2.327380952,
48,Beck's,2009,2.21,
48,Beck's,2010,2.223529412,
48,Beck's,2011,2.353153153,
48,Beck's,2012,2.340268456,
48,Beck's,2013,2.343661972,
48,Beck's,2014,2.162790698,
48,Beck's,2015,2.300862069,
48,Beck's,2016,2.291954023,
48,Beck's,2017,2.216455696,
48,Beck's,2018,2.473846154,
48,Beck's,2019,2.418,
48,Beck's,2020,2.323529412,
48,Beck's,2021,1.94375,
